probes,hc,km
topvar,0.6163586365671164,0.4927720188985262
all,0.3129662979161307,0.43493336959477835
